1,Product1,69904,206,2025-08-01 00:53:10
2,Product2,23613,216,2025-08-01 00:53:10
3,Product3,7879,466,2025-08-01 00:53:10
4,Product4,19794,211,2025-08-01 00:53:10
5,Product5,24716,197,2025-08-01 00:53:10
6,Product6,44094,437,2025-08-01 00:53:10
7,Product7,92150,191,2025-08-01 00:53:10
8,Product8,8740,184,2025-08-01 00:53:10
9,Product9,23115,90,2025-08-01 00:53:10
10,Product10,73313,151,2025-08-01 00:53:10
11,Product11,19539,56,2025-08-01 00:53:10
12,Product12,24911,180,2025-08-01 00:53:10
13,Product13,68805,199,2025-08-01 00:53:10
14,Product14,80270,194,2025-08-01 00:53:10
15,Product15,8218,402,2025-08-01 00:53:10
16,Product16,95311,450,2025-08-01 00:53:10
17,Product17,57393,369,2025-08-01 00:53:10
18,Product18,88978,188,2025-08-01 00:53:10
19,Product19,36823,352,2025-08-01 00:53:10
20,Product20,1712,151,2025-08-01 00:53:10
21,Product21,36625,119,2025-08-01 00:53:10
22,Product22,91848,422,2025-08-01 00:53:10
23,Product23,23324,250,2025-08-01 00:53:10
24,Product24,22068,187,2025-08-01 00:53:10
25,Product25,53965,104,2025-08-01 00:53:10
26,Product26,5908,353,2025-08-01 00:53:10
27,Product27,4858,152,2025-08-01 00:53:10
28,Product28,67394,231,2025-08-01 00:53:10
29,Product29,99195,471,2025-08-01 00:53:10
30,Product30,44376,80,2025-08-01 00:53:10
31,Product31,69494,311,2025-08-01 00:53:10
32,Product32,29721,322,2025-08-01 00:53:10
33,Product33,78608,444,2025-08-01 00:53:10
34,Product34,16538,433,2025-08-01 00:53:10
35,Product35,62952,102,2025-08-01 00:53:10
36,Product36,17728,469,2025-08-01 00:53:10
37,Product37,67331,91,2025-08-01 00:53:10
38,Product38,9075,196,2025-08-01 00:53:10
39,Product39,47554,111,2025-08-01 00:53:10
40,Product40,88130,208,2025-08-01 00:53:10
41,Product41,33232,406,2025-08-01 00:53:10
42,Product42,95506,194,2025-08-01 00:53:10
43,Product43,42305,323,2025-08-01 00:53:10
44,Product44,48190,244,2025-08-01 00:53:10
45,Product45,4574,367,2025-08-01 00:53:10
46,Product46,74919,317,2025-08-01 00:53:10
47,Product47,53199,452,2025-08-01 00:53:10
48,Product48,63033,486,2025-08-01 00:53:10
49,Product49,76177,256,2025-08-01 00:53:10
50,Product50,2067,353,2025-08-01 00:53:10
51,Product51,48514,288,2025-08-01 00:53:10
52,Product52,82070,494,2025-08-01 00:53:10
53,Product53,50673,324,2025-08-01 00:53:10
54,Product54,15850,178,2025-08-01 00:53:10
55,Product55,4970,314,2025-08-01 00:53:10
56,Product56,46520,56,2025-08-01 00:53:10
57,Product57,50005,163,2025-08-01 00:53:10
58,Product58,27980,232,2025-08-01 00:53:10
59,Product59,33697,58,2025-08-01 00:53:10
60,Product60,13691,59,2025-08-01 00:53:10
61,Product61,50023,164,2025-08-01 00:53:10
62,Product62,99134,338,2025-08-01 00:53:10
63,Product63,27051,391,2025-08-01 00:53:10
64,Product64,75489,74,2025-08-01 00:53:10
65,Product65,47460,258,2025-08-01 00:53:10
66,Product66,18592,223,2025-08-01 00:53:10
67,Product67,44374,400,2025-08-01 00:53:10
68,Product68,85958,202,2025-08-01 00:53:10
69,Product69,25861,236,2025-08-01 00:53:10
70,Product70,5522,69,2025-08-01 00:53:10
71,Product71,81351,390,2025-08-01 00:53:10
72,Product72,76943,256,2025-08-01 00:53:10
73,Product73,31439,183,2025-08-01 00:53:10
74,Product74,78396,394,2025-08-01 00:53:10
75,Product75,69597,14,2025-08-01 00:53:10
76,Product76,20768,418,2025-08-01 00:53:10
77,Product77,36297,294,2025-08-01 00:53:10
78,Product78,62933,70,2025-08-01 00:53:10
79,Product79,74237,231,2025-08-01 00:53:10
80,Product80,59753,319,2025-08-01 00:53:10
81,Product81,82942,54,2025-08-01 00:53:10
82,Product82,36945,430,2025-08-01 00:53:10
83,Product83,17809,227,2025-08-01 00:53:10
84,Product84,42908,136,2025-08-01 00:53:10
85,Product85,58244,385,2025-08-01 00:53:10
86,Product86,74511,244,2025-08-01 00:53:10
87,Product87,69024,122,2025-08-01 00:53:10
88,Product88,89581,274,2025-08-01 00:53:10
89,Product89,20652,280,2025-08-01 00:53:10
90,Product90,74217,420,2025-08-01 00:53:10
91,Product91,78956,240,2025-08-01 00:53:10
92,Product92,5470,399,2025-08-01 00:53:10
93,Product93,55422,153,2025-08-01 00:53:10
94,Product94,95878,76,2025-08-01 00:53:10
95,Product95,40081,320,2025-08-01 00:53:10
96,Product96,66205,410,2025-08-01 00:53:10
97,Product97,90191,248,2025-08-01 00:53:10
98,Product98,29020,346,2025-08-01 00:53:10
99,Product99,31742,139,2025-08-01 00:53:10
100,Product100,47729,96,2025-08-01 00:53:10
101,Product101,80142,19,2025-08-01 00:53:10
102,Product102,3742,246,2025-08-01 00:53:10
103,Product103,23867,486,2025-08-01 00:53:10
104,Product104,90675,476,2025-08-01 00:53:10
105,Product105,9307,253,2025-08-01 00:53:10
106,Product106,68986,48,2025-08-01 00:53:10
107,Product107,19540,157,2025-08-01 00:53:10
108,Product108,85627,279,2025-08-01 00:53:10
109,Product109,97108,315,2025-08-01 00:53:10
110,Product110,26014,425,2025-08-01 00:53:10
111,Product111,22622,126,2025-08-01 00:53:10
112,Product112,58831,198,2025-08-01 00:53:10
113,Product113,32408,430,2025-08-01 00:53:10
114,Product114,39395,146,2025-08-01 00:53:10
115,Product115,44079,39,2025-08-01 00:53:10
116,Product116,23862,362,2025-08-01 00:53:10
117,Product117,58210,362,2025-08-01 00:53:10
118,Product118,47380,443,2025-08-01 00:53:10
119,Product119,75536,279,2025-08-01 00:53:10
120,Product120,40895,471,2025-08-01 00:53:10
121,Product121,43736,16,2025-08-01 00:53:10
122,Product122,36329,273,2025-08-01 00:53:10
123,Product123,25530,189,2025-08-01 00:53:10
124,Product124,53047,426,2025-08-01 00:53:10
125,Product125,44182,201,2025-08-01 00:53:10
126,Product126,43868,328,2025-08-01 00:53:10
127,Product127,44738,304,2025-08-01 00:53:10
128,Product128,42888,65,2025-08-01 00:53:10
129,Product129,45574,401,2025-08-01 00:53:10
130,Product130,78729,72,2025-08-01 00:53:10
131,Product131,71966,85,2025-08-01 00:53:10
132,Product132,46402,209,2025-08-01 00:53:10
133,Product133,73809,97,2025-08-01 00:53:10
134,Product134,90842,304,2025-08-01 00:53:10
135,Product135,60385,273,2025-08-01 00:53:10
136,Product136,31047,125,2025-08-01 00:53:10
137,Product137,30764,496,2025-08-01 00:53:10
138,Product138,74968,250,2025-08-01 00:53:10
139,Product139,8236,487,2025-08-01 00:53:10
140,Product140,65985,330,2025-08-01 00:53:10
141,Product141,38917,45,2025-08-01 00:53:10
142,Product142,38160,358,2025-08-01 00:53:10
143,Product143,35824,457,2025-08-01 00:53:10
144,Product144,98678,237,2025-08-01 00:53:10
145,Product145,10597,192,2025-08-01 00:53:10
146,Product146,26621,21,2025-08-01 00:53:10
147,Product147,23167,472,2025-08-01 00:53:10
148,Product148,92835,363,2025-08-01 00:53:10
149,Product149,17963,234,2025-08-01 00:53:10
150,Product150,28944,216,2025-08-01 00:53:10
151,Product151,7819,263,2025-08-01 00:53:10
152,Product152,87334,253,2025-08-01 00:53:10
153,Product153,18957,176,2025-08-01 00:53:10
154,Product154,50553,318,2025-08-01 00:53:10
155,Product155,96241,128,2025-08-01 00:53:10
156,Product156,51020,483,2025-08-01 00:53:10
157,Product157,47180,480,2025-08-01 00:53:10
158,Product158,77319,229,2025-08-01 00:53:10
159,Product159,74326,152,2025-08-01 00:53:10
160,Product160,93491,479,2025-08-01 00:53:10
161,Product161,68482,226,2025-08-01 00:53:10
162,Product162,31549,71,2025-08-01 00:53:10
163,Product163,79209,246,2025-08-01 00:53:10
164,Product164,45342,173,2025-08-01 00:53:10
165,Product165,53582,98,2025-08-01 00:53:10
166,Product166,49775,121,2025-08-01 00:53:10
167,Product167,75372,448,2025-08-01 00:53:10
168,Product168,17111,177,2025-08-01 00:53:10
169,Product169,89669,213,2025-08-01 00:53:10
170,Product170,78989,400,2025-08-01 00:53:10
171,Product171,69571,202,2025-08-01 00:53:10
172,Product172,74796,20,2025-08-01 00:53:10
173,Product173,56284,337,2025-08-01 00:53:10
174,Product174,92592,150,2025-08-01 00:53:10
175,Product175,84728,112,2025-08-01 00:53:10
176,Product176,50291,209,2025-08-01 00:53:10
177,Product177,34354,353,2025-08-01 00:53:10
178,Product178,46081,15,2025-08-01 00:53:10
179,Product179,86187,283,2025-08-01 00:53:10
180,Product180,33867,471,2025-08-01 00:53:10
181,Product181,35363,268,2025-08-01 00:53:10
182,Product182,31163,339,2025-08-01 00:53:10
183,Product183,82038,464,2025-08-01 00:53:10
184,Product184,20342,18,2025-08-01 00:53:10
185,Product185,33883,171,2025-08-01 00:53:10
186,Product186,55316,89,2025-08-01 00:53:10
187,Product187,79113,273,2025-08-01 00:53:10
188,Product188,70125,119,2025-08-01 00:53:10
189,Product189,44865,467,2025-08-01 00:53:10
190,Product190,59143,50,2025-08-01 00:53:10
191,Product191,83614,270,2025-08-01 00:53:10
192,Product192,21241,148,2025-08-01 00:53:10
193,Product193,13637,83,2025-08-01 00:53:10
194,Product194,83117,397,2025-08-01 00:53:10
195,Product195,11760,325,2025-08-01 00:53:10
196,Product196,28910,36,2025-08-01 00:53:10
197,Product197,21415,101,2025-08-01 00:53:10
198,Product198,60176,101,2025-08-01 00:53:10
199,Product199,25069,245,2025-08-01 00:53:10
200,Product200,57840,125,2025-08-01 00:53:10
201,Product201,52660,496,2025-08-01 00:53:10
202,Product202,11652,289,2025-08-01 00:53:10
203,Product203,56770,328,2025-08-01 00:53:10
204,Product204,69285,314,2025-08-01 00:53:10
205,Product205,49609,51,2025-08-01 00:53:10
206,Product206,71110,194,2025-08-01 00:53:10
207,Product207,81959,155,2025-08-01 00:53:10
208,Product208,75819,366,2025-08-01 00:53:10
209,Product209,9382,193,2025-08-01 00:53:10
210,Product210,38166,248,2025-08-01 00:53:10
211,Product211,86414,230,2025-08-01 00:53:10
212,Product212,52603,275,2025-08-01 00:53:10
213,Product213,64763,352,2025-08-01 00:53:10
214,Product214,26439,480,2025-08-01 00:53:10
215,Product215,30028,349,2025-08-01 00:53:10
216,Product216,95528,460,2025-08-01 00:53:10
217,Product217,92879,171,2025-08-01 00:53:10
218,Product218,34101,146,2025-08-01 00:53:10
219,Product219,81732,118,2025-08-01 00:53:10
220,Product220,70894,213,2025-08-01 00:53:10
221,Product221,38344,103,2025-08-01 00:53:10
222,Product222,32147,394,2025-08-01 00:53:10
223,Product223,33009,202,2025-08-01 00:53:10
224,Product224,88708,177,2025-08-01 00:53:10
225,Product225,88756,129,2025-08-01 00:53:10
226,Product226,64432,56,2025-08-01 00:53:10
227,Product227,54672,118,2025-08-01 00:53:10
228,Product228,38912,69,2025-08-01 00:53:10
229,Product229,32120,304,2025-08-01 00:53:10
230,Product230,58773,494,2025-08-01 00:53:10
231,Product231,44266,463,2025-08-01 00:53:10
232,Product232,1407,492,2025-08-01 00:53:10
233,Product233,53671,167,2025-08-01 00:53:10
234,Product234,60522,233,2025-08-01 00:53:10
235,Product235,48110,408,2025-08-01 00:53:10
236,Product236,47533,118,2025-08-01 00:53:10
237,Product237,68776,229,2025-08-01 00:53:10
238,Product238,9146,350,2025-08-01 00:53:10
239,Product239,20180,360,2025-08-01 00:53:10
240,Product240,99483,312,2025-08-01 00:53:10
241,Product241,13894,250,2025-08-01 00:53:10
242,Product242,99048,400,2025-08-01 00:53:10
243,Product243,97057,265,2025-08-01 00:53:10
244,Product244,22182,100,2025-08-01 00:53:10
245,Product245,73173,135,2025-08-01 00:53:10
246,Product246,99399,211,2025-08-01 00:53:10
247,Product247,91706,339,2025-08-01 00:53:10
248,Product248,99600,296,2025-08-01 00:53:10
249,Product249,29268,295,2025-08-01 00:53:10
250,Product250,35041,412,2025-08-01 00:53:10
251,Product251,63388,173,2025-08-01 00:53:10
252,Product252,14775,170,2025-08-01 00:53:10
253,Product253,43289,318,2025-08-01 00:53:10
254,Product254,15925,280,2025-08-01 00:53:10
255,Product255,83432,488,2025-08-01 00:53:10
256,Product256,93959,383,2025-08-01 00:53:10
257,Product257,67140,360,2025-08-01 00:53:10
258,Product258,5277,416,2025-08-01 00:53:10
259,Product259,16467,223,2025-08-01 00:53:10
260,Product260,27696,380,2025-08-01 00:53:10
261,Product261,43638,169,2025-08-01 00:53:10
262,Product262,17445,115,2025-08-01 00:53:10
263,Product263,17684,123,2025-08-01 00:53:10
264,Product264,98874,499,2025-08-01 00:53:10
265,Product265,67270,479,2025-08-01 00:53:10
266,Product266,37997,444,2025-08-01 00:53:10
267,Product267,38963,134,2025-08-01 00:53:10
268,Product268,55169,42,2025-08-01 00:53:10
269,Product269,87042,390,2025-08-01 00:53:10
270,Product270,46994,446,2025-08-01 00:53:10
271,Product271,6519,124,2025-08-01 00:53:10
272,Product272,93697,407,2025-08-01 00:53:10
273,Product273,41991,10,2025-08-01 00:53:10
274,Product274,81685,173,2025-08-01 00:53:10
275,Product275,34148,124,2025-08-01 00:53:10
276,Product276,18069,263,2025-08-01 00:53:10
277,Product277,23603,13,2025-08-01 00:53:10
278,Product278,82387,29,2025-08-01 00:53:10
279,Product279,9194,130,2025-08-01 00:53:10
280,Product280,63972,309,2025-08-01 00:53:10
281,Product281,36602,104,2025-08-01 00:53:10
282,Product282,95594,26,2025-08-01 00:53:10
283,Product283,88643,166,2025-08-01 00:53:10
284,Product284,74139,496,2025-08-01 00:53:10
285,Product285,42506,475,2025-08-01 00:53:10
286,Product286,98852,80,2025-08-01 00:53:10
287,Product287,44468,338,2025-08-01 00:53:10
288,Product288,44081,243,2025-08-01 00:53:10
289,Product289,58938,47,2025-08-01 00:53:10
290,Product290,45791,58,2025-08-01 00:53:10
291,Product291,42052,31,2025-08-01 00:53:10
292,Product292,88871,256,2025-08-01 00:53:10
293,Product293,54050,71,2025-08-01 00:53:10
294,Product294,47940,312,2025-08-01 00:53:10
295,Product295,17605,250,2025-08-01 00:53:10
296,Product296,2308,56,2025-08-01 00:53:10
297,Product297,46850,268,2025-08-01 00:53:10
298,Product298,26970,352,2025-08-01 00:53:10
299,Product299,51149,29,2025-08-01 00:53:10
300,Product300,20928,109,2025-08-01 00:53:10
301,Product301,63167,343,2025-08-01 00:53:10
302,Product302,99854,77,2025-08-01 00:53:10
303,Product303,33540,76,2025-08-01 00:53:10
304,Product304,9767,238,2025-08-01 00:53:10
305,Product305,82424,475,2025-08-01 00:53:10
306,Product306,61760,406,2025-08-01 00:53:10
307,Product307,61316,279,2025-08-01 00:53:10
308,Product308,64053,164,2025-08-01 00:53:10
309,Product309,6845,299,2025-08-01 00:53:10
310,Product310,70578,63,2025-08-01 00:53:10
311,Product311,37579,202,2025-08-01 00:53:10
312,Product312,79833,459,2025-08-01 00:53:10
313,Product313,59158,236,2025-08-01 00:53:10
314,Product314,58347,91,2025-08-01 00:53:10
315,Product315,32706,139,2025-08-01 00:53:10
316,Product316,31393,304,2025-08-01 00:53:10
317,Product317,42670,51,2025-08-01 00:53:10
318,Product318,17311,494,2025-08-01 00:53:10
319,Product319,57277,294,2025-08-01 00:53:10
320,Product320,63647,161,2025-08-01 00:53:10
321,Product321,16352,43,2025-08-01 00:53:10
322,Product322,89342,218,2025-08-01 00:53:10
323,Product323,26614,303,2025-08-01 00:53:10
324,Product324,81802,121,2025-08-01 00:53:10
325,Product325,40005,152,2025-08-01 00:53:10
326,Product326,17202,143,2025-08-01 00:53:10
327,Product327,78363,34,2025-08-01 00:53:10
328,Product328,53770,223,2025-08-01 00:53:10
329,Product329,36724,303,2025-08-01 00:53:10
330,Product330,88507,52,2025-08-01 00:53:10
331,Product331,94180,79,2025-08-01 00:53:10
332,Product332,16577,152,2025-08-01 00:53:10
333,Product333,96827,184,2025-08-01 00:53:10
334,Product334,74353,460,2025-08-01 00:53:10
335,Product335,34504,29,2025-08-01 00:53:10
336,Product336,30593,98,2025-08-01 00:53:10
337,Product337,91784,398,2025-08-01 00:53:10
338,Product338,34367,338,2025-08-01 00:53:10
339,Product339,4207,199,2025-08-01 00:53:10
340,Product340,42116,82,2025-08-01 00:53:10
341,Product341,24010,457,2025-08-01 00:53:10
342,Product342,82008,224,2025-08-01 00:53:10
343,Product343,93263,224,2025-08-01 00:53:10
344,Product344,50468,406,2025-08-01 00:53:10
345,Product345,24769,281,2025-08-01 00:53:10
346,Product346,59936,58,2025-08-01 00:53:10
347,Product347,3290,389,2025-08-01 00:53:10
348,Product348,32868,68,2025-08-01 00:53:10
349,Product349,51932,443,2025-08-01 00:53:10
350,Product350,87258,468,2025-08-01 00:53:10
351,Product351,9070,273,2025-08-01 00:53:10
352,Product352,33514,146,2025-08-01 00:53:10
353,Product353,53650,97,2025-08-01 00:53:10
354,Product354,30689,177,2025-08-01 00:53:10
355,Product355,82487,407,2025-08-01 00:53:10
356,Product356,95881,498,2025-08-01 00:53:10
357,Product357,5668,117,2025-08-01 00:53:10
358,Product358,47539,236,2025-08-01 00:53:10
359,Product359,53199,431,2025-08-01 00:53:10
360,Product360,81685,340,2025-08-01 00:53:10
361,Product361,54628,464,2025-08-01 00:53:10
362,Product362,78306,447,2025-08-01 00:53:10
363,Product363,64813,391,2025-08-01 00:53:10
364,Product364,81156,370,2025-08-01 00:53:10
365,Product365,74743,116,2025-08-01 00:53:10
366,Product366,94872,22,2025-08-01 00:53:10
367,Product367,49364,52,2025-08-01 00:53:10
368,Product368,99803,59,2025-08-01 00:53:10
369,Product369,82655,401,2025-08-01 00:53:10
370,Product370,36831,217,2025-08-01 00:53:10
371,Product371,18270,77,2025-08-01 00:53:10
372,Product372,63720,280,2025-08-01 00:53:10
373,Product373,57304,453,2025-08-01 00:53:10
374,Product374,65851,21,2025-08-01 00:53:10
375,Product375,36031,356,2025-08-01 00:53:10
376,Product376,96708,496,2025-08-01 00:53:10
377,Product377,83380,270,2025-08-01 00:53:10
378,Product378,51293,50,2025-08-01 00:53:10
379,Product379,44363,484,2025-08-01 00:53:10
380,Product380,49674,432,2025-08-01 00:53:10
381,Product381,59375,145,2025-08-01 00:53:10
382,Product382,98131,392,2025-08-01 00:53:10
383,Product383,39174,249,2025-08-01 00:53:10
384,Product384,37188,215,2025-08-01 00:53:10
385,Product385,78031,59,2025-08-01 00:53:10
386,Product386,41481,219,2025-08-01 00:53:10
387,Product387,71717,148,2025-08-01 00:53:10
388,Product388,41321,131,2025-08-01 00:53:10
389,Product389,53615,473,2025-08-01 00:53:10
390,Product390,63189,336,2025-08-01 00:53:10
391,Product391,88916,348,2025-08-01 00:53:10
392,Product392,53362,224,2025-08-01 00:53:10
393,Product393,86830,43,2025-08-01 00:53:10
394,Product394,42192,110,2025-08-01 00:53:10
395,Product395,63156,201,2025-08-01 00:53:10
396,Product396,79576,420,2025-08-01 00:53:10
397,Product397,71646,126,2025-08-01 00:53:10
398,Product398,74134,284,2025-08-01 00:53:10
399,Product399,53088,395,2025-08-01 00:53:10
400,Product400,70851,291,2025-08-01 00:53:10
401,Product401,62909,377,2025-08-01 00:53:10
402,Product402,40795,317,2025-08-01 00:53:10
403,Product403,16018,289,2025-08-01 00:53:10
404,Product404,64513,302,2025-08-01 00:53:10
405,Product405,15715,380,2025-08-01 00:53:10
406,Product406,40288,296,2025-08-01 00:53:10
407,Product407,52944,296,2025-08-01 00:53:10
408,Product408,68021,211,2025-08-01 00:53:10
409,Product409,71370,17,2025-08-01 00:53:10
410,Product410,44698,183,2025-08-01 00:53:10
411,Product411,4593,13,2025-08-01 00:53:10
412,Product412,16968,305,2025-08-01 00:53:10
413,Product413,70381,477,2025-08-01 00:53:10
414,Product414,54765,151,2025-08-01 00:53:10
415,Product415,42403,54,2025-08-01 00:53:10
416,Product416,53165,201,2025-08-01 00:53:10
417,Product417,6929,293,2025-08-01 00:53:10
418,Product418,89325,20,2025-08-01 00:53:10
419,Product419,78768,55,2025-08-01 00:53:10
420,Product420,80541,396,2025-08-01 00:53:10
421,Product421,42355,311,2025-08-01 00:53:10
422,Product422,49216,102,2025-08-01 00:53:10
423,Product423,13582,363,2025-08-01 00:53:10
424,Product424,31060,399,2025-08-01 00:53:10
425,Product425,35079,464,2025-08-01 00:53:10
426,Product426,47722,402,2025-08-01 00:53:10
427,Product427,19083,401,2025-08-01 00:53:10
428,Product428,78637,393,2025-08-01 00:53:10
429,Product429,53505,304,2025-08-01 00:53:10
430,Product430,62938,230,2025-08-01 00:53:10
431,Product431,38709,87,2025-08-01 00:53:10
432,Product432,25248,284,2025-08-01 00:53:10
433,Product433,93600,262,2025-08-01 00:53:10
434,Product434,48033,53,2025-08-01 00:53:10
435,Product435,89616,418,2025-08-01 00:53:10
436,Product436,51262,263,2025-08-01 00:53:10
437,Product437,17637,283,2025-08-01 00:53:10
438,Product438,32748,50,2025-08-01 00:53:10
439,Product439,44530,347,2025-08-01 00:53:10
440,Product440,78391,372,2025-08-01 00:53:10
441,Product441,85457,493,2025-08-01 00:53:10
442,Product442,22236,130,2025-08-01 00:53:10
443,Product443,16069,15,2025-08-01 00:53:10
444,Product444,59653,46,2025-08-01 00:53:10
445,Product445,26208,66,2025-08-01 00:53:10
446,Product446,49301,417,2025-08-01 00:53:10
447,Product447,20870,121,2025-08-01 00:53:10
448,Product448,38264,185,2025-08-01 00:53:10
449,Product449,74781,435,2025-08-01 00:53:10
450,Product450,99543,85,2025-08-01 00:53:10
451,Product451,49155,339,2025-08-01 00:53:10
452,Product452,44473,290,2025-08-01 00:53:10
453,Product453,64385,111,2025-08-01 00:53:10
454,Product454,93465,321,2025-08-01 00:53:10
455,Product455,12913,70,2025-08-01 00:53:10
456,Product456,87489,396,2025-08-01 00:53:10
457,Product457,81406,400,2025-08-01 00:53:10
458,Product458,40139,186,2025-08-01 00:53:10
459,Product459,16763,357,2025-08-01 00:53:10
460,Product460,35745,213,2025-08-01 00:53:10
461,Product461,23937,165,2025-08-01 00:53:10
462,Product462,22396,443,2025-08-01 00:53:10
463,Product463,15579,197,2025-08-01 00:53:10
464,Product464,57980,337,2025-08-01 00:53:10
465,Product465,11669,34,2025-08-01 00:53:10
466,Product466,81945,67,2025-08-01 00:53:10
467,Product467,36945,216,2025-08-01 00:53:10
468,Product468,27461,258,2025-08-01 00:53:10
469,Product469,66771,217,2025-08-01 00:53:10
470,Product470,32932,414,2025-08-01 00:53:10
471,Product471,48806,307,2025-08-01 00:53:10
472,Product472,70646,158,2025-08-01 00:53:10
473,Product473,24956,87,2025-08-01 00:53:10
474,Product474,1330,185,2025-08-01 00:53:10
475,Product475,87874,283,2025-08-01 00:53:10
476,Product476,76623,369,2025-08-01 00:53:10
477,Product477,83198,123,2025-08-01 00:53:10
478,Product478,37612,186,2025-08-01 00:53:10
479,Product479,56987,156,2025-08-01 00:53:10
480,Product480,43890,484,2025-08-01 00:53:10
481,Product481,23657,421,2025-08-01 00:53:10
482,Product482,2785,312,2025-08-01 00:53:10
483,Product483,5188,269,2025-08-01 00:53:10
484,Product484,83038,196,2025-08-01 00:53:10
485,Product485,13326,157,2025-08-01 00:53:10
486,Product486,77957,223,2025-08-01 00:53:10
487,Product487,42584,376,2025-08-01 00:53:10
488,Product488,72725,79,2025-08-01 00:53:10
489,Product489,54585,444,2025-08-01 00:53:10
490,Product490,3559,420,2025-08-01 00:53:10
491,Product491,83146,393,2025-08-01 00:53:10
492,Product492,33090,494,2025-08-01 00:53:10
493,Product493,16074,426,2025-08-01 00:53:10
494,Product494,28541,332,2025-08-01 00:53:10
495,Product495,89837,335,2025-08-01 00:53:10
496,Product496,49438,147,2025-08-01 00:53:10
497,Product497,50390,33,2025-08-01 00:53:10
498,Product498,22786,262,2025-08-01 00:53:10
499,Product499,1129,375,2025-08-01 00:53:10
500,Product500,40190,389,2025-08-01 00:53:10
501,Product501,40372,462,2025-08-01 00:53:10
502,Product502,32341,361,2025-08-01 00:53:10
503,Product503,83248,332,2025-08-01 00:53:10
504,Product504,28410,259,2025-08-01 00:53:10
505,Product505,96955,290,2025-08-01 00:53:10
506,Product506,55810,431,2025-08-01 00:53:10
507,Product507,74255,77,2025-08-01 00:53:10
508,Product508,86894,403,2025-08-01 00:53:10
509,Product509,46924,50,2025-08-01 00:53:10
510,Product510,63973,179,2025-08-01 00:53:10
511,Product511,95035,395,2025-08-01 00:53:10
512,Product512,92605,18,2025-08-01 00:53:10
513,Product513,59343,62,2025-08-01 00:53:10
514,Product514,88371,409,2025-08-01 00:53:10
515,Product515,33994,390,2025-08-01 00:53:10
516,Product516,90109,357,2025-08-01 00:53:10
517,Product517,20723,181,2025-08-01 00:53:10
518,Product518,8326,89,2025-08-01 00:53:10
519,Product519,95491,457,2025-08-01 00:53:10
520,Product520,26507,85,2025-08-01 00:53:10
521,Product521,55231,170,2025-08-01 00:53:10
522,Product522,87972,443,2025-08-01 00:53:10
523,Product523,83115,349,2025-08-01 00:53:10
524,Product524,25352,475,2025-08-01 00:53:10
525,Product525,45720,264,2025-08-01 00:53:10
526,Product526,53151,335,2025-08-01 00:53:10
527,Product527,67415,394,2025-08-01 00:53:10
528,Product528,45423,412,2025-08-01 00:53:10
529,Product529,38566,406,2025-08-01 00:53:10
530,Product530,75220,443,2025-08-01 00:53:10
531,Product531,52965,435,2025-08-01 00:53:10
532,Product532,2130,279,2025-08-01 00:53:10
533,Product533,84598,24,2025-08-01 00:53:10
534,Product534,98395,155,2025-08-01 00:53:10
535,Product535,59910,259,2025-08-01 00:53:10
536,Product536,76853,114,2025-08-01 00:53:10
537,Product537,30356,179,2025-08-01 00:53:10
538,Product538,45259,159,2025-08-01 00:53:10
539,Product539,62969,26,2025-08-01 00:53:10
540,Product540,10590,191,2025-08-01 00:53:10
541,Product541,43533,234,2025-08-01 00:53:10
542,Product542,95258,454,2025-08-01 00:53:10
543,Product543,12861,400,2025-08-01 00:53:10
544,Product544,74841,235,2025-08-01 00:53:10
545,Product545,81050,284,2025-08-01 00:53:10
546,Product546,77567,330,2025-08-01 00:53:10
547,Product547,26646,492,2025-08-01 00:53:10
548,Product548,16959,325,2025-08-01 00:53:10
549,Product549,47139,242,2025-08-01 00:53:10
550,Product550,80484,298,2025-08-01 00:53:10
551,Product551,35036,209,2025-08-01 00:53:10
552,Product552,29987,437,2025-08-01 00:53:10
553,Product553,1196,384,2025-08-01 00:53:10
554,Product554,13608,489,2025-08-01 00:53:10
555,Product555,49935,383,2025-08-01 00:53:10
556,Product556,36793,64,2025-08-01 00:53:10
557,Product557,27951,44,2025-08-01 00:53:10
558,Product558,42389,377,2025-08-01 00:53:10
559,Product559,91894,450,2025-08-01 00:53:10
560,Product560,74957,445,2025-08-01 00:53:10
561,Product561,85689,15,2025-08-01 00:53:10
562,Product562,91694,300,2025-08-01 00:53:10
563,Product563,21982,119,2025-08-01 00:53:10
564,Product564,33787,269,2025-08-01 00:53:10
565,Product565,42933,486,2025-08-01 00:53:10
566,Product566,85299,499,2025-08-01 00:53:10
567,Product567,99098,445,2025-08-01 00:53:10
568,Product568,15619,300,2025-08-01 00:53:10
569,Product569,69498,291,2025-08-01 00:53:10
570,Product570,20376,417,2025-08-01 00:53:10
571,Product571,70629,358,2025-08-01 00:53:10
572,Product572,97963,415,2025-08-01 00:53:10
573,Product573,51409,418,2025-08-01 00:53:10
574,Product574,20658,24,2025-08-01 00:53:10
575,Product575,23441,21,2025-08-01 00:53:10
576,Product576,6562,317,2025-08-01 00:53:10
577,Product577,32411,385,2025-08-01 00:53:10
578,Product578,81516,47,2025-08-01 00:53:10
579,Product579,23989,449,2025-08-01 00:53:10
580,Product580,53261,409,2025-08-01 00:53:10
581,Product581,60785,367,2025-08-01 00:53:10
582,Product582,61878,124,2025-08-01 00:53:10
583,Product583,46054,425,2025-08-01 00:53:10
584,Product584,84388,420,2025-08-01 00:53:10
585,Product585,19598,328,2025-08-01 00:53:10
586,Product586,76259,62,2025-08-01 00:53:10
587,Product587,43407,419,2025-08-01 00:53:10
588,Product588,72342,309,2025-08-01 00:53:10
589,Product589,21091,182,2025-08-01 00:53:10
590,Product590,75981,458,2025-08-01 00:53:10
591,Product591,4060,497,2025-08-01 00:53:10
592,Product592,16719,24,2025-08-01 00:53:10
593,Product593,81459,39,2025-08-01 00:53:10
594,Product594,30087,150,2025-08-01 00:53:10
595,Product595,53180,475,2025-08-01 00:53:10
596,Product596,97671,15,2025-08-01 00:53:10
597,Product597,36686,355,2025-08-01 00:53:10
598,Product598,28689,479,2025-08-01 00:53:10
599,Product599,26264,425,2025-08-01 00:53:10
600,Product600,63198,121,2025-08-01 00:53:10
601,Product601,79888,290,2025-08-01 00:53:10
602,Product602,68569,426,2025-08-01 00:53:10
603,Product603,94684,464,2025-08-01 00:53:10
604,Product604,21294,352,2025-08-01 00:53:10
605,Product605,95291,123,2025-08-01 00:53:10
606,Product606,11225,20,2025-08-01 00:53:10
607,Product607,46702,10,2025-08-01 00:53:10
608,Product608,27634,110,2025-08-01 00:53:10
609,Product609,93053,462,2025-08-01 00:53:10
610,Product610,71711,160,2025-08-01 00:53:10
611,Product611,13925,165,2025-08-01 00:53:10
612,Product612,66542,246,2025-08-01 00:53:10
613,Product613,32675,221,2025-08-01 00:53:10
614,Product614,50501,435,2025-08-01 00:53:10
615,Product615,4183,65,2025-08-01 00:53:10
616,Product616,45445,448,2025-08-01 00:53:10
617,Product617,66645,413,2025-08-01 00:53:10
618,Product618,48239,23,2025-08-01 00:53:10
619,Product619,5966,399,2025-08-01 00:53:10
620,Product620,11501,298,2025-08-01 00:53:10
621,Product621,9531,310,2025-08-01 00:53:10
622,Product622,19149,454,2025-08-01 00:53:10
623,Product623,63038,25,2025-08-01 00:53:10
624,Product624,7720,424,2025-08-01 00:53:10
625,Product625,70142,45,2025-08-01 00:53:10
626,Product626,23092,380,2025-08-01 00:53:10
627,Product627,50932,78,2025-08-01 00:53:10
628,Product628,26707,371,2025-08-01 00:53:10
629,Product629,75374,120,2025-08-01 00:53:10
630,Product630,16398,336,2025-08-01 00:53:10
631,Product631,29384,410,2025-08-01 00:53:10
632,Product632,73179,384,2025-08-01 00:53:10
633,Product633,44063,112,2025-08-01 00:53:10
634,Product634,38585,203,2025-08-01 00:53:10
635,Product635,59101,311,2025-08-01 00:53:10
636,Product636,7702,346,2025-08-01 00:53:10
637,Product637,31186,155,2025-08-01 00:53:10
638,Product638,46523,144,2025-08-01 00:53:10
639,Product639,42658,500,2025-08-01 00:53:10
640,Product640,29288,463,2025-08-01 00:53:10
641,Product641,71974,433,2025-08-01 00:53:10
642,Product642,13940,10,2025-08-01 00:53:10
643,Product643,18706,408,2025-08-01 00:53:10
644,Product644,70890,270,2025-08-01 00:53:10
645,Product645,66632,302,2025-08-01 00:53:10
646,Product646,28384,319,2025-08-01 00:53:10
647,Product647,88938,277,2025-08-01 00:53:10
648,Product648,71311,302,2025-08-01 00:53:10
649,Product649,23620,184,2025-08-01 00:53:10
650,Product650,44630,488,2025-08-01 00:53:10
651,Product651,3915,24,2025-08-01 00:53:10
652,Product652,74871,455,2025-08-01 00:53:10
653,Product653,87699,494,2025-08-01 00:53:10
654,Product654,5073,170,2025-08-01 00:53:10
655,Product655,67835,305,2025-08-01 00:53:10
656,Product656,66193,395,2025-08-01 00:53:10
657,Product657,61091,107,2025-08-01 00:53:10
658,Product658,1922,164,2025-08-01 00:53:10
659,Product659,67328,298,2025-08-01 00:53:10
660,Product660,90692,291,2025-08-01 00:53:10
661,Product661,62160,138,2025-08-01 00:53:10
662,Product662,15983,108,2025-08-01 00:53:10
663,Product663,16175,490,2025-08-01 00:53:10
664,Product664,2744,352,2025-08-01 00:53:10
665,Product665,71245,37,2025-08-01 00:53:10
666,Product666,15687,84,2025-08-01 00:53:10
667,Product667,79716,33,2025-08-01 00:53:10
668,Product668,64243,487,2025-08-01 00:53:10
669,Product669,4715,391,2025-08-01 00:53:10
670,Product670,47286,414,2025-08-01 00:53:10
671,Product671,16184,346,2025-08-01 00:53:10
672,Product672,73642,80,2025-08-01 00:53:10
673,Product673,60466,362,2025-08-01 00:53:10
674,Product674,77097,409,2025-08-01 00:53:10
675,Product675,26621,318,2025-08-01 00:53:10
676,Product676,3000,62,2025-08-01 00:53:10
677,Product677,27451,352,2025-08-01 00:53:10
678,Product678,25213,173,2025-08-01 00:53:10
679,Product679,6644,49,2025-08-01 00:53:10
680,Product680,35190,295,2025-08-01 00:53:10
681,Product681,96987,391,2025-08-01 00:53:10
682,Product682,70060,386,2025-08-01 00:53:10
683,Product683,50361,49,2025-08-01 00:53:10
684,Product684,77871,176,2025-08-01 00:53:10
685,Product685,56187,94,2025-08-01 00:53:10
686,Product686,50370,262,2025-08-01 00:53:10
687,Product687,18689,463,2025-08-01 00:53:10
688,Product688,25466,272,2025-08-01 00:53:10
689,Product689,75669,500,2025-08-01 00:53:10
690,Product690,10260,226,2025-08-01 00:53:10
691,Product691,82358,373,2025-08-01 00:53:10
692,Product692,49423,35,2025-08-01 00:53:10
693,Product693,92403,31,2025-08-01 00:53:10
694,Product694,35219,241,2025-08-01 00:53:10
695,Product695,90854,90,2025-08-01 00:53:10
696,Product696,11905,419,2025-08-01 00:53:10
697,Product697,38943,38,2025-08-01 00:53:10
698,Product698,15386,440,2025-08-01 00:53:10
699,Product699,64651,417,2025-08-01 00:53:10
700,Product700,82266,461,2025-08-01 00:53:10
701,Product701,65372,179,2025-08-01 00:53:10
702,Product702,62463,451,2025-08-01 00:53:10
703,Product703,86888,327,2025-08-01 00:53:10
704,Product704,76192,245,2025-08-01 00:53:10
705,Product705,78121,119,2025-08-01 00:53:10
706,Product706,33083,287,2025-08-01 00:53:10
707,Product707,94958,184,2025-08-01 00:53:10
708,Product708,36310,281,2025-08-01 00:53:10
709,Product709,63287,255,2025-08-01 00:53:10
710,Product710,94311,313,2025-08-01 00:53:10
711,Product711,8228,234,2025-08-01 00:53:10
712,Product712,26775,74,2025-08-01 00:53:10
713,Product713,67515,450,2025-08-01 00:53:10
714,Product714,72266,328,2025-08-01 00:53:10
715,Product715,68444,123,2025-08-01 00:53:10
716,Product716,82565,164,2025-08-01 00:53:10
717,Product717,87922,109,2025-08-01 00:53:10
718,Product718,5508,340,2025-08-01 00:53:10
719,Product719,76749,363,2025-08-01 00:53:10
720,Product720,40834,51,2025-08-01 00:53:10
721,Product721,22300,318,2025-08-01 00:53:10
722,Product722,88536,151,2025-08-01 00:53:10
723,Product723,1681,262,2025-08-01 00:53:10
724,Product724,39706,122,2025-08-01 00:53:10
725,Product725,81726,201,2025-08-01 00:53:10
726,Product726,41244,190,2025-08-01 00:53:10
727,Product727,42818,432,2025-08-01 00:53:10
728,Product728,24052,444,2025-08-01 00:53:10
729,Product729,56962,129,2025-08-01 00:53:10
730,Product730,62030,241,2025-08-01 00:53:10
731,Product731,48793,478,2025-08-01 00:53:10
732,Product732,16120,26,2025-08-01 00:53:10
733,Product733,40011,210,2025-08-01 00:53:10
734,Product734,22925,489,2025-08-01 00:53:10
735,Product735,62942,368,2025-08-01 00:53:10
736,Product736,21740,289,2025-08-01 00:53:10
737,Product737,70742,383,2025-08-01 00:53:10
738,Product738,85454,352,2025-08-01 00:53:10
739,Product739,82185,26,2025-08-01 00:53:10
740,Product740,38353,80,2025-08-01 00:53:10
741,Product741,43425,396,2025-08-01 00:53:10
742,Product742,48518,402,2025-08-01 00:53:10
743,Product743,29194,423,2025-08-01 00:53:10
744,Product744,9904,65,2025-08-01 00:53:10
745,Product745,18742,170,2025-08-01 00:53:10
746,Product746,46608,438,2025-08-01 00:53:10
747,Product747,38973,493,2025-08-01 00:53:10
748,Product748,74727,343,2025-08-01 00:53:10
749,Product749,1300,63,2025-08-01 00:53:10
750,Product750,91791,495,2025-08-01 00:53:10
751,Product751,6711,387,2025-08-01 00:53:10
752,Product752,15127,252,2025-08-01 00:53:10
753,Product753,85311,101,2025-08-01 00:53:10
754,Product754,97807,149,2025-08-01 00:53:10
755,Product755,15715,238,2025-08-01 00:53:10
756,Product756,47669,222,2025-08-01 00:53:10
757,Product757,45522,284,2025-08-01 00:53:10
758,Product758,68438,352,2025-08-01 00:53:10
759,Product759,69997,350,2025-08-01 00:53:10
760,Product760,47529,389,2025-08-01 00:53:10
761,Product761,46484,44,2025-08-01 00:53:10
762,Product762,38155,86,2025-08-01 00:53:10
763,Product763,8857,461,2025-08-01 00:53:10
764,Product764,46395,44,2025-08-01 00:53:10
765,Product765,45138,264,2025-08-01 00:53:10
766,Product766,66903,275,2025-08-01 00:53:10
767,Product767,42804,220,2025-08-01 00:53:10
768,Product768,11033,169,2025-08-01 00:53:10
769,Product769,1863,109,2025-08-01 00:53:10
770,Product770,56079,464,2025-08-01 00:53:10
771,Product771,66474,103,2025-08-01 00:53:10
772,Product772,12773,216,2025-08-01 00:53:10
773,Product773,19578,316,2025-08-01 00:53:10
774,Product774,84366,447,2025-08-01 00:53:10
775,Product775,21626,109,2025-08-01 00:53:10
776,Product776,58378,116,2025-08-01 00:53:10
777,Product777,71139,135,2025-08-01 00:53:10
778,Product778,41972,121,2025-08-01 00:53:10
779,Product779,42585,467,2025-08-01 00:53:10
780,Product780,59002,380,2025-08-01 00:53:10
781,Product781,99347,63,2025-08-01 00:53:10
782,Product782,56066,207,2025-08-01 00:53:10
783,Product783,27544,344,2025-08-01 00:53:10
784,Product784,71716,451,2025-08-01 00:53:10
785,Product785,25188,351,2025-08-01 00:53:10
786,Product786,45819,421,2025-08-01 00:53:10
787,Product787,21593,202,2025-08-01 00:53:10
788,Product788,40422,451,2025-08-01 00:53:10
789,Product789,28536,375,2025-08-01 00:53:10
790,Product790,85483,18,2025-08-01 00:53:10
791,Product791,11588,35,2025-08-01 00:53:10
792,Product792,69422,278,2025-08-01 00:53:10
793,Product793,25957,59,2025-08-01 00:53:10
794,Product794,88000,232,2025-08-01 00:53:10
795,Product795,26686,18,2025-08-01 00:53:10
796,Product796,22965,169,2025-08-01 00:53:10
797,Product797,3789,286,2025-08-01 00:53:10
798,Product798,81962,177,2025-08-01 00:53:10
799,Product799,21734,337,2025-08-01 00:53:10
800,Product800,4171,176,2025-08-01 00:53:10
801,Product801,98533,442,2025-08-01 00:53:10
802,Product802,64595,492,2025-08-01 00:53:10
803,Product803,35052,395,2025-08-01 00:53:10
804,Product804,50638,339,2025-08-01 00:53:10
805,Product805,94095,223,2025-08-01 00:53:10
806,Product806,91917,484,2025-08-01 00:53:10
807,Product807,17271,482,2025-08-01 00:53:10
808,Product808,5643,322,2025-08-01 00:53:10
809,Product809,5594,288,2025-08-01 00:53:10
810,Product810,27551,70,2025-08-01 00:53:10
811,Product811,64773,290,2025-08-01 00:53:10
812,Product812,29355,349,2025-08-01 00:53:10
813,Product813,6550,261,2025-08-01 00:53:10
814,Product814,42861,289,2025-08-01 00:53:10
815,Product815,89314,424,2025-08-01 00:53:10
816,Product816,37600,48,2025-08-01 00:53:10
817,Product817,71310,396,2025-08-01 00:53:10
818,Product818,9436,195,2025-08-01 00:53:10
819,Product819,50455,147,2025-08-01 00:53:10
820,Product820,34414,61,2025-08-01 00:53:10
821,Product821,29016,420,2025-08-01 00:53:10
822,Product822,38094,116,2025-08-01 00:53:10
823,Product823,43654,345,2025-08-01 00:53:10
824,Product824,75821,332,2025-08-01 00:53:10
825,Product825,2235,495,2025-08-01 00:53:10
826,Product826,79064,296,2025-08-01 00:53:10
827,Product827,61332,120,2025-08-01 00:53:10
828,Product828,66759,13,2025-08-01 00:53:10
829,Product829,19708,447,2025-08-01 00:53:10
830,Product830,38999,88,2025-08-01 00:53:10
831,Product831,39958,194,2025-08-01 00:53:10
832,Product832,38465,111,2025-08-01 00:53:10
833,Product833,87083,330,2025-08-01 00:53:10
834,Product834,40455,414,2025-08-01 00:53:10
835,Product835,77325,92,2025-08-01 00:53:10
836,Product836,74529,328,2025-08-01 00:53:10
837,Product837,89757,488,2025-08-01 00:53:10
838,Product838,4934,489,2025-08-01 00:53:10
839,Product839,21315,25,2025-08-01 00:53:10
840,Product840,99520,396,2025-08-01 00:53:10
841,Product841,56503,290,2025-08-01 00:53:10
842,Product842,89012,397,2025-08-01 00:53:10
843,Product843,46353,243,2025-08-01 00:53:10
844,Product844,16317,381,2025-08-01 00:53:10
845,Product845,35425,131,2025-08-01 00:53:10
846,Product846,10900,277,2025-08-01 00:53:10
847,Product847,62941,492,2025-08-01 00:53:10
848,Product848,84191,148,2025-08-01 00:53:10
849,Product849,68777,147,2025-08-01 00:53:10
850,Product850,58894,384,2025-08-01 00:53:10
851,Product851,98234,69,2025-08-01 00:53:10
852,Product852,35267,370,2025-08-01 00:53:10
853,Product853,20865,191,2025-08-01 00:53:10
854,Product854,29944,358,2025-08-01 00:53:10
855,Product855,94496,347,2025-08-01 00:53:10
856,Product856,19452,468,2025-08-01 00:53:10
857,Product857,55640,159,2025-08-01 00:53:10
858,Product858,26900,124,2025-08-01 00:53:10
859,Product859,50890,63,2025-08-01 00:53:10
860,Product860,73262,192,2025-08-01 00:53:10
861,Product861,97457,253,2025-08-01 00:53:10
862,Product862,23651,145,2025-08-01 00:53:10
863,Product863,4360,143,2025-08-01 00:53:10
864,Product864,76383,290,2025-08-01 00:53:10
865,Product865,34544,374,2025-08-01 00:53:10
866,Product866,36003,318,2025-08-01 00:53:10
867,Product867,75046,38,2025-08-01 00:53:10
868,Product868,93386,465,2025-08-01 00:53:10
869,Product869,2707,297,2025-08-01 00:53:10
870,Product870,28347,137,2025-08-01 00:53:10
871,Product871,3708,72,2025-08-01 00:53:10
872,Product872,43885,302,2025-08-01 00:53:10
873,Product873,78558,299,2025-08-01 00:53:10
874,Product874,39723,439,2025-08-01 00:53:10
875,Product875,14821,486,2025-08-01 00:53:10
876,Product876,76597,274,2025-08-01 00:53:10
877,Product877,2505,227,2025-08-01 00:53:10
878,Product878,12503,75,2025-08-01 00:53:10
879,Product879,96287,283,2025-08-01 00:53:10
880,Product880,55376,35,2025-08-01 00:53:10
881,Product881,69793,71,2025-08-01 00:53:10
882,Product882,15806,495,2025-08-01 00:53:10
883,Product883,35697,226,2025-08-01 00:53:10
884,Product884,7111,196,2025-08-01 00:53:10
885,Product885,52461,318,2025-08-01 00:53:10
886,Product886,58238,260,2025-08-01 00:53:10
887,Product887,22666,218,2025-08-01 00:53:10
888,Product888,24873,407,2025-08-01 00:53:10
889,Product889,48141,114,2025-08-01 00:53:10
890,Product890,77053,320,2025-08-01 00:53:10
891,Product891,74064,367,2025-08-01 00:53:10
892,Product892,7546,393,2025-08-01 00:53:10
893,Product893,76378,200,2025-08-01 00:53:10
894,Product894,63494,301,2025-08-01 00:53:10
895,Product895,17864,10,2025-08-01 00:53:10
896,Product896,59358,278,2025-08-01 00:53:10
897,Product897,75728,287,2025-08-01 00:53:10
898,Product898,1815,255,2025-08-01 00:53:10
899,Product899,94630,53,2025-08-01 00:53:10
900,Product900,3961,307,2025-08-01 00:53:10
901,Product901,43666,380,2025-08-01 00:53:10
902,Product902,49315,236,2025-08-01 00:53:10
903,Product903,35053,222,2025-08-01 00:53:10
904,Product904,47091,35,2025-08-01 00:53:10
905,Product905,14961,270,2025-08-01 00:53:10
906,Product906,73788,455,2025-08-01 00:53:10
907,Product907,23777,165,2025-08-01 00:53:10
908,Product908,36518,166,2025-08-01 00:53:10
909,Product909,16741,381,2025-08-01 00:53:10
910,Product910,52738,291,2025-08-01 00:53:10
911,Product911,52913,197,2025-08-01 00:53:10
912,Product912,37849,271,2025-08-01 00:53:10
913,Product913,80373,119,2025-08-01 00:53:10
914,Product914,66072,25,2025-08-01 00:53:10
915,Product915,83514,368,2025-08-01 00:53:10
916,Product916,86815,179,2025-08-01 00:53:10
917,Product917,10085,450,2025-08-01 00:53:10
918,Product918,41902,180,2025-08-01 00:53:10
919,Product919,63127,92,2025-08-01 00:53:10
920,Product920,13050,382,2025-08-01 00:53:10
921,Product921,21625,237,2025-08-01 00:53:10
922,Product922,78428,100,2025-08-01 00:53:10
923,Product923,33287,498,2025-08-01 00:53:10
924,Product924,73107,458,2025-08-01 00:53:10
925,Product925,5392,413,2025-08-01 00:53:10
926,Product926,43177,373,2025-08-01 00:53:10
927,Product927,28052,216,2025-08-01 00:53:10
928,Product928,74905,285,2025-08-01 00:53:10
929,Product929,80597,94,2025-08-01 00:53:10
930,Product930,88403,255,2025-08-01 00:53:10
931,Product931,93357,173,2025-08-01 00:53:10
932,Product932,14667,395,2025-08-01 00:53:10
933,Product933,36172,63,2025-08-01 00:53:10
934,Product934,81344,399,2025-08-01 00:53:10
935,Product935,81688,131,2025-08-01 00:53:10
936,Product936,27446,114,2025-08-01 00:53:10
937,Product937,24779,157,2025-08-01 00:53:10
938,Product938,89444,275,2025-08-01 00:53:10
939,Product939,19111,354,2025-08-01 00:53:10
940,Product940,83425,302,2025-08-01 00:53:10
941,Product941,9706,116,2025-08-01 00:53:10
942,Product942,26840,429,2025-08-01 00:53:10
943,Product943,26905,172,2025-08-01 00:53:10
944,Product944,28199,163,2025-08-01 00:53:10
945,Product945,86286,121,2025-08-01 00:53:10
946,Product946,2600,50,2025-08-01 00:53:10
947,Product947,32496,163,2025-08-01 00:53:10
948,Product948,67206,315,2025-08-01 00:53:10
949,Product949,43753,82,2025-08-01 00:53:10
950,Product950,64699,148,2025-08-01 00:53:10
951,Product951,29983,456,2025-08-01 00:53:10
952,Product952,23772,118,2025-08-01 00:53:10
953,Product953,9451,220,2025-08-01 00:53:10
954,Product954,85170,329,2025-08-01 00:53:10
955,Product955,17450,105,2025-08-01 00:53:10
956,Product956,82660,231,2025-08-01 00:53:10
957,Product957,83169,42,2025-08-01 00:53:10
958,Product958,95844,430,2025-08-01 00:53:10
959,Product959,91733,142,2025-08-01 00:53:10
960,Product960,62301,345,2025-08-01 00:53:10
961,Product961,21023,479,2025-08-01 00:53:10
962,Product962,93343,345,2025-08-01 00:53:10
963,Product963,69810,124,2025-08-01 00:53:10
964,Product964,50155,217,2025-08-01 00:53:10
965,Product965,86849,148,2025-08-01 00:53:10
966,Product966,70270,90,2025-08-01 00:53:10
967,Product967,84795,464,2025-08-01 00:53:10
968,Product968,8393,204,2025-08-01 00:53:10
969,Product969,2611,164,2025-08-01 00:53:10
970,Product970,69713,61,2025-08-01 00:53:10
971,Product971,68810,219,2025-08-01 00:53:10
972,Product972,86528,337,2025-08-01 00:53:10
973,Product973,70307,15,2025-08-01 00:53:10
974,Product974,44790,495,2025-08-01 00:53:10
975,Product975,98466,313,2025-08-01 00:53:10
976,Product976,31945,448,2025-08-01 00:53:10
977,Product977,52090,333,2025-08-01 00:53:10
978,Product978,37768,325,2025-08-01 00:53:10
979,Product979,89956,435,2025-08-01 00:53:10
980,Product980,26880,157,2025-08-01 00:53:10
981,Product981,75341,47,2025-08-01 00:53:10
982,Product982,31603,469,2025-08-01 00:53:10
983,Product983,21083,31,2025-08-01 00:53:10
984,Product984,53808,24,2025-08-01 00:53:10
985,Product985,3591,182,2025-08-01 00:53:10
986,Product986,43415,155,2025-08-01 00:53:10
987,Product987,14438,18,2025-08-01 00:53:10
988,Product988,82549,439,2025-08-01 00:53:10
989,Product989,51537,81,2025-08-01 00:53:10
990,Product990,85579,382,2025-08-01 00:53:10
991,Product991,31803,409,2025-08-01 00:53:10
992,Product992,38506,310,2025-08-01 00:53:10
993,Product993,1927,119,2025-08-01 00:53:10
994,Product994,44923,479,2025-08-01 00:53:10
995,Product995,72064,401,2025-08-01 00:53:10
996,Product996,55421,267,2025-08-01 00:53:10
997,Product997,40825,53,2025-08-01 00:53:10
998,Product998,43402,267,2025-08-01 00:53:10
999,Product999,52642,478,2025-08-01 00:53:10
1000,Product1000,72246,258,2025-08-01 00:53:10
